,gid,cctv_yn,gbn,camera_yn,signal_count,rd_type,crosswalks_count,crsswlk_type,crsswlk_wdth,crsswlk_lngth,speed_bumps_count,fac_hght,fac_wdth,fac_lngth,fac_type,cctv_state,road_bt,child_zones_yn,acc_yn,geometry,accnt_total
3737,다사622056,1,없음,0,7,시도,6,1,6.0,23.0,0,0.0,0.0,0.0,없음,없음,0.0,0,2,"POLYGON ((127.07433930843189 37.1483563342816, 127.07433425634564 37.149257729642905, 127.07546032797894 37.14926176846696, 127.07546536670122 37.148360372974466, 127.07433930843189 37.1483563342816))",12.0
3357,다사616050,1,없음,0,9,시도,2,1,4.0,17.5,2,10.0,360.0,550.0,없음,없음,0.0,0,2,"POLYGON ((127.0676137523823 37.142923507173286, 127.06760862148249 37.14382490256833, 127.0687346115832 37.14382900478092, 127.06873972912268 37.14292760925262, 127.0676137523823 37.142923507173286))",10.0
2763,다사608068,1,없음,0,4,기타,1,1,2.0,11.0,1,10.0,360.0,700.0,없음,없음,0.0,0,2,"POLYGON ((127.05851163097468 37.1591153820748, 127.05850638899497 37.16001677390632, 127.05963261783901 37.160020964135036, 127.05963784644773 37.15911957216743, 127.05851163097468 37.1591153820748))",12.0
